epoch,lr,loss,iou,val_loss,val_iou,val_dice
0,0.0001,0.9349982142448425,0.33561692482891137,0.9314709901809692,0.38411617279346405,0.5550345850207493
1,0.0001,0.9134962558746338,0.3935196977082942,0.932205080986023,0.38411617279346405,0.5550345850207493
2,0.0001,0.8975236117839813,0.42454202011044206,0.929171085357666,0.38411617279346405,0.5550345850207493
3,0.0001,0.8872759640216827,0.4473138253068655,0.9253614544868469,0.38411617279346405,0.5550345850207493
4,0.0001,0.8789374530315399,0.45570836766446443,0.9223957657814026,0.38411617279346405,0.5550345850207493
5,0.0001,0.8709137141704559,0.46571170905340753,0.9172870516777039,0.38411617279346405,0.5550345850207493
6,0.0001,0.8647456765174866,0.4736787922763039,0.9121686220169067,0.38411617279346405,0.5550345850207493
7,0.0001,0.8582593202590942,0.4850196127749944,0.9079968333244324,0.38412130136613704,0.5550399390385896
8,0.0001,0.8525157570838928,0.489442660338245,0.903394877910614,0.3841498773496584,0.555069770457547
9,0.0001,0.847383975982666,0.500898802824105,0.8980273008346558,0.44353918414537435,0.61451630688912
10,0.0001,0.8420436680316925,0.5062842469517692,0.8910579085350037,0.4797018319248444,0.6483763439027883
11,0.0001,0.8381734788417816,0.5146179445456119,0.8912649750709534,0.4218980698939083,0.5934294149866696
12,0.0001,0.8326082229614258,0.522329009863281,0.890094518661499,0.39348085759458357,0.5647452642784162
13,0.0001,0.8279734253883362,0.5449967397362341,0.8859132528305054,0.390131992521408,0.5612876973125269
14,0.0001,0.8230023086071014,0.5838703457537864,0.8817077875137329,0.40356567901752427,0.5750577761348715
15,0.0001,0.8191704750061035,0.60768005274311,0.8778969049453735,0.4655310924809426,0.6353070158243623
16,0.0001,0.8141611814498901,0.6233990865852024,0.8745551109313965,0.5152077677115923,0.6800490054109305
17,0.0001,0.8091085851192474,0.6334637319324474,0.8704334497451782,0.5660056085921948,0.7228653658539852
18,0.0001,0.8047774434089661,0.6438452142843298,0.8644390106201172,0.5975845470645161,0.748110074252469
19,0.0001,0.8007241487503052,0.6569973471680266,0.8590185642242432,0.6107814480796733,0.7583666285799717
20,0.0001,0.7952857315540314,0.6532750208042071,0.8525880575180054,0.6174633079597609,0.763495907352134
21,0.0001,0.7899137735366821,0.6510244894481114,0.8454188108444214,0.6238190533441347,0.7683356739279856
22,0.0001,0.7842705547809601,0.6667359687090361,0.8379105925559998,0.6279421094022367,0.7714550852582964
23,0.0001,0.7783639430999756,0.7106877642882077,0.8320239782333374,0.6322168315588625,0.7746726039518396
24,0.0001,0.7707171738147736,0.7482667181148714,0.824757993221283,0.6350447008197713,0.7767918522366702
25,0.0001,0.7640191316604614,0.7690991056389122,0.8165066242218018,0.6355582452676636,0.7771759240083226
26,0.0001,0.7566537857055664,0.7861671769626712,0.8077452182769775,0.636124216508334,0.7775989256682379
27,0.0001,0.7498998939990997,0.7990435265232025,0.799081563949585,0.6366552392077842,0.7779955410963085
28,0.0001,0.7433788776397705,0.8069170421152128,0.7907437086105347,0.6365603085957297,0.7779246572855454
29,0.0001,0.7372325658798218,0.8139900515170866,0.779549241065979,0.6362542085644219,0.7776960392024216
30,0.0001,0.7295819222927094,0.8201060342564529,0.7698636054992676,0.636365480606973,0.7777791552666187
31,0.0001,0.7202849984169006,0.8259353820946634,0.7628961205482483,0.6367501981381777,0.7780664378259902
32,0.0001,0.7126780450344086,0.8295465706186489,0.7583255767822266,0.6369767530180028,0.7782355514134752
33,0.0001,0.7050154507160187,0.83290335750105,0.7548246383666992,0.6369863134674294,0.7782426868532317
34,0.0001,0.6976205706596375,0.8338079230023937,0.7526578903198242,0.6369863134674294,0.7782426868532317
35,0.0001,0.6893289685249329,0.8368320882236074,0.7501896619796753,0.6369863134674294,0.7782426868532317
36,0.0001,0.6824729740619659,0.8379979857485889,0.7449966669082642,0.6369863134674294,0.7782426868532317
37,0.0001,0.6739932596683502,0.842330793347946,0.7383344173431396,0.6369863134674294,0.7782426868532317
38,0.0001,0.6666841506958008,0.8461749169238328,0.7308797836303711,0.6369863134674294,0.7782426868532317
39,0.0001,0.6591786742210388,0.8491255857219935,0.7221696376800537,0.6369863134674294,0.7782426868532317
40,0.0001,0.6512654721736908,0.8517889481500313,0.7128835320472717,0.6369863134674294,0.7782426868532317
41,0.0001,0.6436413824558258,0.8548031348750506,0.7036095857620239,0.6369863134674294,0.7782426868532317
42,0.0001,0.6355313956737518,0.8561681342732521,0.6936548948287964,0.6369863134674294,0.7782426868532317
43,0.0001,0.628565639257431,0.857782252403755,0.68363356590271,0.6369863134674294,0.7782426868532317
44,0.0001,0.6208114624023438,0.8597066117594491,0.6738005876541138,0.6369863134674294,0.7782426868532317
45,0.0001,0.6131389737129211,0.8597219628915642,0.6650506258010864,0.6369863134674294,0.7782426868532317
46,0.0001,0.6060224175453186,0.8612163482164257,0.6560883522033691,0.6369863134674294,0.7782426868532317
47,0.0001,0.5981149077415466,0.8618840904878129,0.6471766829490662,0.6369863134674294,0.7782426868532317
48,0.0001,0.5909767746925354,0.8622506143453693,0.6377239227294922,0.6371213151498921,0.7783434364380729
49,0.0001,0.5830822587013245,0.8623586595554926,0.6269533634185791,0.6379799130268411,0.7789838055436358
50,0.0001,0.5760398507118225,0.8632458367842283,0.6151508688926697,0.6404070314501346,0.7807904003971611
51,0.0001,0.5683915615081787,0.8633125146258083,0.6001718640327454,0.6482171960693659,0.7865676897622725
52,0.0001,0.5618934333324432,0.8635644599307974,0.5877821445465088,0.6656438010406506,0.7992630844899418
53,0.0001,0.5545551776885986,0.8645088105432811,0.5762513875961304,0.7084001005464268,0.8293140468908273
54,0.0001,0.5485187470912933,0.8647515652491049,0.5705270767211914,0.756071285603963,0.8610940703855635
55,0.0001,0.5408134460449219,0.8659173890203429,0.5620008707046509,0.8189076297947957,0.9004389408022689
56,0.0001,0.533717691898346,0.865605017519955,0.5505365133285522,0.8474822155205721,0.9174456007218168
57,0.0001,0.5272711217403412,0.866678556530166,0.540378987789154,0.8560139630319518,0.9224218999231906
58,0.0001,0.5212308168411255,0.868047207799584,0.533329963684082,0.861139593319513,0.9253895800299338
59,0.0001,0.5144911408424377,0.8691320777422953,0.5276244878768921,0.8633050995538364,0.9266384767159738
60,0.0001,0.5087845921516418,0.8696822182635093,0.5203914642333984,0.8646920345894471,0.9274368298353654
61,0.0001,0.5015698075294495,0.8695878127749164,0.5143661499023438,0.8657113335517569,0.9280228060829766
62,0.0001,0.49609193205833435,0.8700832424757038,0.5102026462554932,0.8668132634010824,0.9286555654976067
63,0.0001,0.4909716695547104,0.870254611127675,0.5034068822860718,0.8686151689873782,0.9296886629236664
64,0.0001,0.48534902930259705,0.8703287295482769,0.49418067932128906,0.8705013225741111,0.930767930573993
65,0.0001,0.4782322645187378,0.8700879244772342,0.48573410511016846,0.8709980826551263,0.9310518174546669
66,0.0001,0.472744345664978,0.871669945700503,0.47876405715942383,0.8714884908771254,0.9313319265657658
67,0.0001,0.46705134212970734,0.8715207858011789,0.471113920211792,0.8713553065785495,0.9312558694924402
68,0.0001,0.4621821641921997,0.8719822900156491,0.46466314792633057,0.8709911876471171,0.9310478781489511
69,0.0001,0.45846202969551086,0.8725356019678898,0.45982542634010315,0.8710507028970541,0.9310818798746145
70,0.0001,0.45209479331970215,0.8724872672314534,0.4566180109977722,0.8712400532841982,0.9311900434742104
71,0.0001,0.4484439939260483,0.8733179832167118,0.4485003352165222,0.8718033000859002,0.9315116604889966
72,0.0001,0.442613810300827,0.874089075777241,0.44101762771606445,0.8731001696821925,0.9322514447589109
73,0.0001,0.4382198452949524,0.874071582198678,0.43831074237823486,0.8748388614630004,0.9332416555312214
74,0.0001,0.4334886372089386,0.875107090551317,0.4330764710903168,0.8760123036883615,0.933908910902199
75,0.0001,0.4285174161195755,0.875625389494012,0.4244769215583801,0.8771520461096022,0.9345562048929387
76,0.0001,0.42447759211063385,0.8756620059600956,0.4182364046573639,0.8778581085782764,0.9349568048492242
77,0.0001,0.4195448160171509,0.8760520369214253,0.41336876153945923,0.8782899743233366,0.9352016848620458
78,0.0001,0.4154888391494751,0.876375441650532,0.4082075357437134,0.8785520809497075,0.9353502517806724
79,0.0001,0.41152192652225494,0.8764356042018437,0.4058459401130676,0.8787496345400211,0.9354622014392754
80,0.0001,0.40757711231708527,0.8764256221970926,0.3979594111442566,0.8790191877922584,0.9356149138903221
81,0.0001,0.4045904278755188,0.8761376492329913,0.39364445209503174,0.8793494174785008,0.9358019422043536
82,0.0001,0.4001367390155792,0.8768392408883758,0.38137781620025635,0.8803537408006479,0.9363703453221481
83,0.0001,0.39500729739665985,0.8770337362970685,0.3839521110057831,0.880904112668704,0.9366815742869966
84,0.0001,0.3920491337776184,0.8774348748192551,0.38708361983299255,0.8812057907289572,0.936852092494883
85,0.0001,0.38785549998283386,0.8775148532983028,0.37835854291915894,0.8813993841355712,0.9369614889509911
86,0.0001,0.38434456288814545,0.8774997974000256,0.3708299398422241,0.88169809844803,0.9371302433426797
87,0.0001,0.38079768419265747,0.8775055152806355,0.3680960536003113,0.8822906268974922,0.9374648253460606
88,0.0001,0.37710899114608765,0.8782672710205425,0.36601412296295166,0.882472703070538,0.9375675956746884
89,0.0001,0.37348300218582153,0.878076915695684,0.3636746406555176,0.8826164797807695,0.9376487343652172
90,0.0001,0.37026678025722504,0.8783157920308962,0.35796430706977844,0.8828279539370774,0.9377680547933704
91,0.0001,0.36713603138923645,0.8785774138824044,0.35288378596305847,0.8831609355172588,0.9379558792458444
92,0.0001,0.36362041532993317,0.8790942889484057,0.3507102131843567,0.8831436954182833,0.9379461562779144
93,0.0001,0.3599482774734497,0.8788836571074181,0.34957945346832275,0.8830708010666617,0.9379050437895888
94,0.0001,0.3567216396331787,0.8787775651320434,0.34617555141448975,0.8831121761174313,0.9379283797508197
95,0.0001,0.35342836380004883,0.8787631687935031,0.34084993600845337,0.8833093082882943,0.9380395502755924
96,0.0001,0.3507782220840454,0.8791792739884626,0.34403425455093384,0.8835167204469462,0.9381564929641755
97,0.0001,0.34734199941158295,0.8791853588969322,0.34593701362609863,0.8836294088183858,0.9382200178884368
98,0.0001,0.3446289747953415,0.8794835681737667,0.33592018485069275,0.8837582622818015,0.9382926461183005
99,0.0001,0.34126605093479156,0.8795136315429102,0.33328092098236084,0.883945708635142,0.9383982824807964
100,0.0001,0.3380664587020874,0.8794023130231126,0.3349432051181793,0.8842332279744557,0.938560274648169
101,0.0001,0.33589161932468414,0.8798882600331113,0.3328770101070404,0.8842019180561954,0.9385426366282092
102,0.0001,0.3323098421096802,0.8794852071653323,0.3234260380268097,0.8841143470834075,0.9384933015896925
103,0.0001,0.32941702008247375,0.8793715433335199,0.322470098733902,0.8842420311424096,0.9385652336884733
104,0.0001,0.32698245346546173,0.8795925443638779,0.3250313103199005,0.8843936590171598,0.9386506421152273
105,0.0001,0.3245394229888916,0.8795600442877008,0.32003217935562134,0.884472128913248,0.938694836970937
106,0.0001,0.3215782195329666,0.879744543325176,0.3149288594722748,0.8847622821808282,0.938858221586527
107,0.0001,0.31859883666038513,0.8799973565435724,0.3109261393547058,0.8849524183517918,0.9389652595322241
108,0.0001,0.3165886551141739,0.8801972316990987,0.3142504096031189,0.8849888516815129,0.938985767360963
109,0.0001,0.3141678124666214,0.8798364922909803,0.30958181619644165,0.8851127125647371,0.9390554810492173
110,0.0001,0.3118188977241516,0.8801562230601454,0.3048502504825592,0.8850988314026241,0.9390476686509414
111,0.0001,0.3090593218803406,0.8802316875002236,0.3053097426891327,0.8851570698313604,0.9390804448040433
112,0.0001,0.30739352107048035,0.8803592041416617,0.3049892783164978,0.8850794352106297,0.9390367521692635
113,0.0001,0.3045983165502548,0.8800995451206306,0.3052791953086853,0.8850078049848195,0.9389964356056835
114,0.0001,0.3021091818809509,0.8802509236774279,0.3006693124771118,0.8851677460231799,0.9390864530654833
115,0.0001,0.3001714497804642,0.8806802785716892,0.2937052845954895,0.8854781669054782,0.9392611194843589
116,0.0001,0.29893192648887634,0.8808034084428908,0.2968387007713318,0.885684280346308,0.9393770628279843
117,0.0001,0.29565511643886566,0.8805360620082403,0.29864299297332764,0.8857083549317978,0.9393906036586787
118,0.0001,0.2936743497848511,0.8805636123684111,0.2900775074958801,0.8856959326361271,0.9393836167403297
119,0.0001,0.291134849190712,0.8808129774692313,0.2847541868686676,0.885971831125748,0.9395387741257049
120,0.0001,0.28962066769599915,0.880836248921004,0.29013901948928833,0.8862126725595917,0.939674179324647
121,0.0001,0.28783613443374634,0.8811466320446607,0.2898443639278412,0.8860022016703443,0.9395558508740375
122,0.0001,0.28538593649864197,0.880807086609867,0.27990102767944336,0.8857565016189776,0.9394176828859181
123,0.0001,0.28337690234184265,0.8808796494352008,0.27600887417793274,0.8861566137606133,0.9396426651907733
124,0.0001,0.2818596661090851,0.8810700227959436,0.2817953824996948,0.8864695223755846,0.9398185466142867
125,0.0001,0.2795778810977936,0.8810058285114424,0.28042665123939514,0.8863890575578823,0.9397733240728197
126,0.0001,0.2775203585624695,0.8810738466176619,0.2737998366355896,0.886160239767531,0.9396447036512128
127,0.0001,0.2763957977294922,0.8807884860784819,0.27241870760917664,0.8865790518780551,0.9398800977838504
128,0.0001,0.2740955501794815,0.8810425089396023,0.2750040888786316,0.8867806649036445,0.9399933775014927
129,0.0001,0.27227209508419037,0.8811892627381006,0.2712777853012085,0.8869952112041987,0.9401138974148818
130,0.0001,0.2704324275255203,0.8814818135993029,0.2664225697517395,0.8871348324296714,0.9401923139614695
131,0.0001,0.26914823055267334,0.8812791022948013,0.26735004782676697,0.8873566669715985,0.940316880746687
132,0.0001,0.26722122728824615,0.8816092340297307,0.2649794816970825,0.8874117904793107,0.9403478297165362
133,0.0001,0.26516173779964447,0.8813307977274056,0.25926950573921204,0.8870846111938977,0.9401641091574244
134,0.0001,0.26358576118946075,0.881404845955674,0.25710171461105347,0.886950147170009,0.9400885852763308
135,0.0001,0.2619844675064087,0.8814194695399293,0.2602044641971588,0.8872343645619194,0.9402482078773207
136,0.0001,0.2604300528764725,0.881582578819647,0.2572439908981323,0.8874279855917344,0.9403569220825277
137,0.0001,0.2590771019458771,0.881623434458246,0.25347986817359924,0.8873932639044625,0.9403374282143048
138,0.0001,0.2576989084482193,0.8816350681177685,0.25446608662605286,0.8872071273886689,0.9402329129779184
139,0.0001,0.25518694519996643,0.8813160359779352,0.2488410770893097,0.8873813606171109,0.9403307451621402
140,0.0001,0.25390322506427765,0.8814490935901121,0.24787721037864685,0.887419207530487,0.9403519938653085
141,0.0001,0.2522164583206177,0.8818024466183344,0.2522883415222168,0.8874435962527055,0.940365686174272
142,0.0001,0.2506731003522873,0.8814209997633217,0.24939844012260437,0.8872435914015394,0.9402533890631875
143,0.0001,0.24888485670089722,0.8817733299486964,0.24025264382362366,0.8875141576810027,0.9404052987569654
144,0.0001,0.24682172387838364,0.8818871294625245,0.24258771538734436,0.8878683081363046,0.9406040710676523
145,0.0001,0.24533145129680634,0.8817769599494452,0.2378174215555191,0.8881214244547908,0.9407460907459831
146,0.0001,0.24353023618459702,0.8817632328326163,0.23285047709941864,0.8886338590358808,0.941033493373369
147,0.0001,0.24157802760601044,0.8817350700324358,0.23143236339092255,0.8889623362863014,0.9412176401928699
148,0.0001,0.240192212164402,0.8815261092703024,0.23307892680168152,0.8889399995327412,0.9412051200701286
149,0.0001,0.23822201788425446,0.8815896208889864,0.22552739083766937,0.8890852888367508,0.9412865518467154
150,0.0001,0.23700828850269318,0.8817615634182091,0.22476470470428467,0.8890232063594645,0.9412517573807838
151,0.0001,0.23520613461732864,0.8818220197425679,0.2277066707611084,0.8889812633384443,0.9412282488893778
152,0.0001,0.23394861072301865,0.8816705772894616,0.22146554291248322,0.8889480942068961,0.941209657304146
153,0.0001,0.23202352225780487,0.8818369140450958,0.2178865224123001,0.8891177323532388,0.9413047340841817
154,0.0001,0.23046739399433136,0.8819978469637191,0.2192268967628479,0.8891407712550223,0.9413176453381343
155,0.0001,0.2288605272769928,0.8819392831151213,0.21746546030044556,0.8890731336594333,0.9412797395907676
156,0.0001,0.22736981511116028,0.88196000792745,0.2125919759273529,0.889242931523735,0.9413748932822865
157,0.0001,0.2262028604745865,0.8820011842713515,0.21240919828414917,0.8892291935328365,0.9413671952316048
158,0.0001,0.2246897742152214,0.8820749778759813,0.2150924652814865,0.8888010644175391,0.9411272379726491
159,0.0001,0.22340313345193863,0.8817901366729659,0.21154624223709106,0.8884525306327385,0.9409318118629718
160,0.0001,0.22210318595170975,0.8820963203622981,0.2081635594367981,0.8888951919628151,0.941180003787435
161,0.0001,0.22092816978693008,0.8817222501264049,0.21033859252929688,0.8888929992602703,0.9411787746668332
162,0.0001,0.2195195108652115,0.8819577051668002,0.20659886300563812,0.8889146484795741,0.9411909100234672
163,0.0001,0.21822407096624374,0.8821502486095556,0.20571579039096832,0.8891808763833214,0.9413401199419122
164,0.0001,0.2172708511352539,0.8818492487368337,0.20558872818946838,0.8890008646958089,0.9412392353128617
165,0.0001,0.21603719145059586,0.8821086839013237,0.20389220118522644,0.8889357535230002,0.9412027400773917
166,0.0001,0.21496500819921494,0.8819049523724547,0.2033073902130127,0.8891484705936659,0.9413219600619855
167,0.0001,0.21378424018621445,0.8820778024836486,0.20353572070598602,0.889102666090836,0.9412962906147146
168,0.0001,0.2126128226518631,0.8819967207096171,0.20387953519821167,0.8889293046381518,0.9411991252985907
169,0.0001,0.21165035665035248,0.8818504470763726,0.1989513635635376,0.8895180954839096,0.9415290571812197
170,0.0001,0.21035508066415787,0.8819070029605038,0.19827860593795776,0.8898435860413831,0.9417113591980597
171,0.0001,0.20937735587358475,0.8820597088590626,0.19948723912239075,0.8896786216783541,0.9416189731650444
172,0.0001,0.2084217295050621,0.8820228155100862,0.19913950562477112,0.8894027127114713,0.9414644180700836
173,0.0001,0.20735610276460648,0.8819970584466896,0.19382619857788086,0.8895063282405137,0.9415224653614276
174,0.0001,0.20636779069900513,0.8821034709633696,0.1934448778629303,0.8896796801629102,0.9416195660062456
175,0.0001,0.20549838989973068,0.8819125968520956,0.1952073574066162,0.8897941950956708,0.9416837001667527
176,0.0001,0.2043115198612213,0.8820207107977249,0.19397065043449402,0.8898584690169158,0.9417196934115502
177,0.0001,0.20364274829626083,0.8822104592893663,0.19030411541461945,0.8900503577675335,0.9418271360968734
178,0.0001,0.20269303768873215,0.8819008001123323,0.18982887268066406,0.890457098025064,0.9420548066976108
179,0.0001,0.20188456028699875,0.8818985372765165,0.18975350260734558,0.890654604105836,0.9421653242973601
180,0.0001,0.2006133571267128,0.8819222186228851,0.18791668117046356,0.890566853909635,0.9421162251606916
181,0.0001,0.20019016414880753,0.881946746019979,0.18760356307029724,0.8901347672955873,0.9418743919188322
182,0.0001,0.1991960108280182,0.881973878684022,0.18831506371498108,0.8899188704348115,0.9417535158322102
183,0.0001,0.19845447689294815,0.881929968357029,0.19055382907390594,0.8900171022505817,0.9418085171724354
184,0.0001,0.19767531752586365,0.8819530622987668,0.1863187998533249,0.8898911840845004,0.9417380128322899
185,0.0001,0.19696810841560364,0.8820085269829872,0.18620626628398895,0.8899283223187566,0.9417588083202033
186,0.0001,0.19628538936376572,0.8819905116021469,0.1857718527317047,0.8898542708183595,0.9417173425049624
187,0.0001,0.19526049494743347,0.8821395067522664,0.18519794940948486,0.8899672019415813,0.9417805780198827
188,0.0001,0.19474144279956818,0.8819337586943274,0.18321599066257477,0.8897503621041133,0.9416591523903026
189,0.0001,0.1939419060945511,0.88207357035183,0.18315671384334564,0.8897321219109592,0.941648937005138
190,0.0001,0.1935051903128624,0.8819636649536327,0.18665842711925507,0.8901059402909053,0.9418582538859271
191,0.0001,0.19286339730024338,0.88208668073282,0.1828991323709488,0.890419895620522,0.9420339869288623
192,0.0001,0.19230876863002777,0.881878639918225,0.18076440691947937,0.8901429190888196,0.941878955394474
193,0.0001,0.19132943451404572,0.881834181738385,0.18556764721870422,0.8899196118456428,0.9417539309797119
194,0.0001,0.1907423809170723,0.8818481916213468,0.1859918236732483,0.889638007431093,0.9415962252373719
195,0.0001,0.19016798585653305,0.8821452030708585,0.18131227791309357,0.8897115835754535,0.9416374343137202
196,0.0001,0.1895819529891014,0.882229797456049,0.17923642694950104,0.8902471422530308,0.9419372973545924
197,0.0001,0.18899326026439667,0.8820329398639601,0.1817624568939209,0.8902267251511679,0.941925868792246
198,0.0001,0.18834923207759857,0.8819360417318286,0.18041519820690155,0.890062127145856,0.941833725317718
199,0.0001,0.18752159178256989,0.8823376030138841,0.17754879593849182,0.8902373633555776,0.941931823604645
200,0.0001,0.18709652870893478,0.8818273815895885,0.17794936895370483,0.8903549636350674,0.9419976467519676
201,0.0001,0.1865016520023346,0.8820507002977098,0.17915081977844238,0.890188947744261,0.9419047220719459
202,0.0001,0.18590901792049408,0.8820520660203828,0.17790628969669342,0.8900970897785204,0.9418532990628762
203,0.0001,0.1852455884218216,0.8820098863276682,0.17403100430965424,0.8902676317880508,0.9419487662135172
204,0.0001,0.18472082167863846,0.8820816388372561,0.17672531306743622,0.8903783150761426,0.9420107160299065
205,0.0001,0.18420638144016266,0.8819985895022462,0.17864170670509338,0.8903740639765857,0.9420083368088507
206,0.0001,0.18363416194915771,0.8819502781162882,0.17574116587638855,0.89005363659184,0.9418289717923475
207,0.0001,0.1830122023820877,0.8820989052226887,0.17472529411315918,0.8898266459997675,0.9417018729027667
208,0.0001,0.18267273902893066,0.8818905086840186,0.1761256605386734,0.890093802929966,0.9418514589595179
209,0.0001,0.18182796984910965,0.8821439974530711,0.17337489128112793,0.8902869964478779,0.9419596052037131
210,0.0001,0.1816587820649147,0.8821490135058971,0.17404775321483612,0.8903321239336551,0.9419848635708875
211,0.0001,0.18103570491075516,0.8821246279498798,0.1756046712398529,0.8901409146803301,0.9418778333052222
212,0.0001,0.18065021187067032,0.8820503064649894,0.17286989092826843,0.8900955261363793,0.9418524236770821
213,0.0001,0.18033280968666077,0.8821580957302029,0.173242449760437,0.890115782036611,0.9418637635811982
214,0.0001,0.17953288555145264,0.882150774122064,0.1710929274559021,0.8902486335300642,0.9419381320937799
215,0.0001,0.179120771586895,0.8822557619074882,0.17158371210098267,0.890272709079551,0.9419516081497682
216,0.0001,0.1786748692393303,0.8821574456967872,0.1704082190990448,0.8902750661111352,0.9419529274569536
217,0.0001,0.17800449579954147,0.8821516373484184,0.16850285232067108,0.8900649664429846,0.9418353149183502
218,0.0001,0.17805419117212296,0.8820093643042576,0.16958481073379517,0.8899671696872536,0.9417805599602271
219,0.0001,0.1773444339632988,0.8822149394261849,0.16883763670921326,0.8902511969127441,0.9419395669387735
220,0.0001,0.17687702178955078,0.8822218712212699,0.16864703595638275,0.8905362308105202,0.9420990894511713
221,0.0001,0.17684640735387802,0.8821225675661353,0.1694527566432953,0.8906158060526084,0.9421436160656176
222,0.0001,0.1759628802537918,0.8822827318615869,0.1668178290128708,0.8904862908562377,0.9420711434547555
223,0.0001,0.17589756101369858,0.8820181664590213,0.16865703463554382,0.8903745430380874,0.9420086049266566
224,0.0001,0.17534350603818893,0.8820358627154822,0.1726282835006714,0.8903278105118538,0.9419824493517611
225,0.0001,0.17500443756580353,0.8822211516042795,0.16573414206504822,0.8904715935160005,0.9420629186602625
226,0.0001,0.17504694312810898,0.881969260213458,0.1675705909729004,0.890666650183098,0.9421720641201802
227,0.0001,0.1742372289299965,0.8818810621694217,0.17004497349262238,0.890374985789858,0.9420088527227642
228,0.0001,0.17405425757169724,0.8823245217984398,0.16446352005004883,0.8902420943136101,0.9419344717713286
229,0.0001,0.17399507015943527,0.8822186263288465,0.1653008759021759,0.890414310873539,0.9420308614380819
230,0.0001,0.1736200973391533,0.8819825919244393,0.16734981536865234,0.8905134476154103,0.9420863403417257
231,0.0001,0.17319706827402115,0.8821977389126399,0.16427671909332275,0.8904451515258665,0.9420481211075038
232,0.0001,0.17274334281682968,0.8821549675771321,0.1637117564678192,0.890267951358411,0.9419489450885883
233,0.0001,0.17212732136249542,0.8823078400149715,0.16712971031665802,0.8902543294335875,0.9419413203516916
234,0.0001,0.17195171862840652,0.8821146353897951,0.16677325963974,0.8903580048432997,0.941999348866307
235,0.0001,0.17146137356758118,0.8821743576189537,0.16304057836532593,0.8903229394548425,0.941979723011356
236,0.0001,0.17131373286247253,0.8819593398763577,0.16546013951301575,0.8903483243692316,0.9419939308448051
237,0.0001,0.17070525139570236,0.8821745496849407,0.16825354099273682,0.8904494763929361,0.9420505414320349
238,0.0001,0.17054641246795654,0.8822421880245308,0.16506382822990417,0.8905967819106243,0.9421329713791148
239,0.0001,0.17011214047670364,0.8820414911026407,0.16346055269241333,0.8906003169334887,0.9421349493667941
240,0.0001,0.16982076317071915,0.8823590603644276,0.1655522882938385,0.8905465257009041,0.9421048502054098
241,0.0001,0.16920555382966995,0.882322478613772,0.16405563056468964,0.8905790633227268,0.9421230570040462
242,0.0001,0.1688081994652748,0.8819436464065951,0.16179195046424866,0.8906258113504728,0.9421492143009508
243,0.0001,0.16852539777755737,0.8822613769392749,0.1621350646018982,0.8906745654020285,0.9421764926664019
244,0.0001,0.16842850297689438,0.8823849458148232,0.163546621799469,0.8906764773888515,0.942177562412935
245,0.0001,0.16813377290964127,0.8822621809165485,0.16267120838165283,0.8905651793928693,0.9421152881688669
246,0.0001,0.16785290092229843,0.8820927301451468,0.16301748156547546,0.8905418820317078,0.9421022517360679
247,0.0001,0.1673799306154251,0.8822175889347161,0.1620006412267685,0.8905670081438579,0.9421163114638383
248,0.0001,0.16733478754758835,0.8820836627143733,0.16207295656204224,0.8906889900102546,0.9421845631051395
249,0.0001,0.1667984053492546,0.8822117851993379,0.1634809970855713,0.8905676472601661,0.9421166690869672
250,0.0001,0.16683220863342285,0.8822245975539669,0.16234363615512848,0.8904983528349125,0.9420778933761654
251,0.0001,0.16646459698677063,0.8823034880911762,0.15984922647476196,0.8905868461899126,0.9421274119035646
252,0.0001,0.16620119661092758,0.8821205988430907,0.15993428230285645,0.8906664787290047,0.9421719681916112
253,0.0001,0.1657376065850258,0.8821535708181851,0.1610749363899231,0.8907227047850143,0.9422034257385136
254,0.0001,0.1653006672859192,0.8823615435729444,0.15914028882980347,0.8907614554603106,0.9422251050103541
255,0.0001,0.1655287742614746,0.8821182994798786,0.15902209281921387,0.8907945998824082,0.942243647128893
256,0.0001,0.16478891670703888,0.8823481576918952,0.15919816493988037,0.8907216316410769,0.9422028253497722
257,0.0001,0.16488035768270493,0.8823206957372063,0.15942271053791046,0.8908336630738595,0.9422654995740488
258,0.0001,0.16448792815208435,0.8822844333729518,0.1596134752035141,0.8909786384679381,0.942346592756653
259,0.0001,0.1637815535068512,0.8825112943689757,0.15909771621227264,0.8911138954628693,0.9424222386613685
260,0.0001,0.16401591151952744,0.8824259085987205,0.15783381462097168,0.8910557663495988,0.942389729806487
261,0.0001,0.16336488723754883,0.8825646108480059,0.15847808122634888,0.8910672902618566,0.9423961747426453
262,0.0001,0.1633991226553917,0.8822426546734667,0.1579156219959259,0.8908900256843221,0.9422970279426005
263,0.0001,0.16288962960243225,0.8824336745541657,0.15628528594970703,0.890755523244225,0.9422217862580512
264,0.0001,0.1628928780555725,0.8821171611721623,0.1567266583442688,0.890651966433784,0.9421638484990592
265,0.0001,0.16274697333574295,0.8821529227093273,0.1578732132911682,0.8906855164225682,0.942182619675286
266,0.0001,0.16240394860506058,0.8823751269943227,0.15687748789787292,0.8909523261909679,0.9423318756910747
267,0.0001,0.16222136467695236,0.8822990548753229,0.15579894185066223,0.8910486490243845,0.9423857492868706
268,0.0001,0.1617765575647354,0.8823627993368389,0.15585269033908844,0.8910344656995364,0.9423778168632401
269,0.0001,0.16168628633022308,0.8823395470006852,0.15647217631340027,0.8908571972703682,0.9422786644664707
270,0.0001,0.16141002625226974,0.8822959631978708,0.1568206399679184,0.890743053581833,0.9422148100921539
271,0.0001,0.16112719476222992,0.8824783357920865,0.15604978799819946,0.8907079635088461,0.9421951784196616
272,0.0001,0.16075700521469116,0.8823838308571712,0.15563322603702545,0.8907534343993714,0.9422206176579907
273,0.0001,0.16067973524332047,0.8824159966797231,0.1540544629096985,0.890798705371689,0.9422459438341723
274,0.0001,0.16088465601205826,0.8821140214992088,0.1564185619354248,0.8907721513521674,0.9422310887275765
275,0.0001,0.16062211245298386,0.882255257395032,0.15408869087696075,0.8908011150177121,0.9422472918410222
276,0.0001,0.16046710312366486,0.8821283464231015,0.153371661901474,0.8908789813026985,0.9422908500351916
277,0.0001,0.1599985957145691,0.8822880348921701,0.15483656525611877,0.8909638174301711,0.9423383030575331
278,0.0001,0.15993773192167282,0.8824051211135442,0.15309280157089233,0.8909543289339424,0.94233299588598
279,0.0001,0.15952914953231812,0.8821392384186763,0.15219706296920776,0.8908790276516776,0.9422908759616198
280,0.0001,0.15943516045808792,0.8821027943088287,0.15206873416900635,0.8908496602708093,0.9422744483484963
281,0.0001,0.15911364555358887,0.8823289244853323,0.15309083461761475,0.8910188305879099,0.9423690723491059
282,0.0001,0.158830463886261,0.882407105869853,0.15312500298023224,0.8911389273712258,0.9424362372043728
283,0.0001,0.15901627391576767,0.8823093408096627,0.15233297646045685,0.8911305135135563,0.9424315319812732
284,0.0001,0.15885551273822784,0.8824263975733748,0.15294915437698364,0.8910219306721305,0.9423708061972951
285,0.0001,0.15816371142864227,0.882469254876326,0.1523146629333496,0.8909913798981643,0.9423537191863317
286,0.0001,0.1581370234489441,0.8823445646301631,0.15194213390350342,0.8911574220140769,0.9424465796876889
287,0.0001,0.15807423740625381,0.8823180545551341,0.15218360722064972,0.8912263815997453,0.9424851411451624
288,0.0001,0.15796828269958496,0.8823487855457718,0.15132394433021545,0.8910922074610188,0.9424101098247342
289,0.0001,0.15777640789747238,0.8824300886425178,0.15128621459007263,0.8909576639099235,0.9423348612339579
290,0.0001,0.15763304382562637,0.8823502729089272,0.15252496302127838,0.8908233600702046,0.9422597360306879
291,0.0001,0.15743112564086914,0.88239587260553,0.15111471712589264,0.8908507917835335,0.9422750813069115
292,0.0001,0.15717269480228424,0.8823782126458699,0.15002551674842834,0.8911463487050868,0.9424403873505359
293,0.0001,0.15703164041042328,0.8822240038815994,0.15079346299171448,0.8913702406062708,0.9425655765002899
294,0.0001,0.15653283894062042,0.8823121294543976,0.1500130593776703,0.891312899890996,0.9425335172645055
295,0.0001,0.1566305011510849,0.8823554568938398,0.15123917162418365,0.8910994440644479,0.9424141568666016
296,0.0001,0.15624096244573593,0.8824732243379458,0.15233293175697327,0.8909718460711012,0.9423427936510911
297,0.0001,0.1562541201710701,0.88246618335592,0.15039871633052826,0.8909087086810917,0.9423074785059299
298,0.0001,0.15612726658582687,0.8823203924050613,0.1494760513305664,0.8908351428768649,0.9422663273768843
299,0.0001,0.15541386604309082,0.882393963116938,0.14978450536727905,0.8909651927121617,0.94233907228538
300,0.0001,0.15589835494756699,0.8824673236992466,0.15009954571723938,0.8911747060619709,0.9424562450051809
301,0.0001,0.15531176328659058,0.8822673638709835,0.1490863710641861,0.8913830521742026,0.942572739191599
302,0.0001,0.1556783691048622,0.8821058467942606,0.14922082424163818,0.8913310559949504,0.9425436685657956
303,0.0001,0.15498768538236618,0.8826669668970047,0.15050898492336273,0.8912862752291592,0.9425186307357577
304,0.0001,0.1550849974155426,0.8824399126678865,0.15041878819465637,0.891186152585675,0.9424626458555906
305,0.0001,0.15512407571077347,0.8823065462573212,0.1497129201889038,0.8911061350238014,0.9424178987316182
306,0.0001,0.1549047976732254,0.8823179382186861,0.14911188185214996,0.8911534240453155,0.942444343980377
307,0.0001,0.1544930562376976,0.8824402276079732,0.15008112788200378,0.8911165355454737,0.9424237150868549
308,0.0001,0.15438959002494812,0.8824038384740109,0.1485087275505066,0.8910867693356573,0.9424070685542344
309,0.0001,0.15461480617523193,0.8822747329662728,0.1477075219154358,0.8911358324407284,0.9424345064527861
310,0.0001,0.15422765165567398,0.8823364916600471,0.1483280062675476,0.891334153326643,0.9425454003026245
311,0.0001,0.15427713841199875,0.8822590020184188,0.14658266305923462,0.891318818919247,0.942536826687498
312,0.0001,0.15411968529224396,0.882460433933099,0.147334024310112,0.8910828624317015,0.9424048836081966
313,0.0001,0.15406616777181625,0.8824855280032693,0.14918756484985352,0.8909852653050475,0.9423502992354801
314,0.0001,0.15341812372207642,0.8825429181368545,0.14730915427207947,0.8911269220932956,0.942429523563552
315,0.0001,0.15348199754953384,0.8822710364866991,0.1477125883102417,0.8913389139473079,0.9425480619832902
316,0.0001,0.15327727794647217,0.8824024685830256,0.14966754615306854,0.8914433221891086,0.942606433649172
317,0.0001,0.15342433005571365,0.8824909084932153,0.14877890050411224,0.8914578548247235,0.9426145579197509
318,0.0001,0.15310031175613403,0.8824454081092048,0.14758965373039246,0.891284953668673,0.9425178918066027
319,0.0001,0.15300299227237701,0.8824152436072243,0.1480124592781067,0.8912343607726171,0.942489602831164
320,0.0001,0.15301773697137833,0.8823900428881706,0.14715273678302765,0.891262174361944,0.942505154963647
321,0.0001,0.15278296917676926,0.882487930309043,0.14587700366973877,0.891255880018073,0.9425016354842012
322,0.0001,0.1523236483335495,0.8824527414209871,0.14629125595092773,0.8913470926209999,0.9425526346787936
323,0.0001,0.15227153897285461,0.8824766905387047,0.146067813038826,0.8913336971478859,0.9425451452506863
324,0.0001,0.15233775973320007,0.8824782430440266,0.14542439579963684,0.8912483124154197,0.9424974040316856
325,0.0001,0.15224190056324005,0.8825478407400771,0.14584635198116302,0.8912501376789809,0.9424984246375355
326,0.0001,0.15216534584760666,0.8824512979066875,0.14598949253559113,0.8913197357720426,0.9425373393126499
327,0.0001,0.15187373757362366,0.8824454601647321,0.14551225304603577,0.891408219409979,0.9425868094070692
328,0.0001,0.15187180787324905,0.8824709621927957,0.14560700953006744,0.8913972666492008,0.9425806861066264
329,0.0001,0.1516958475112915,0.8824398661065659,0.14675164222717285,0.8912838241658022,0.9425172602625362
330,0.0001,0.1514473631978035,0.8825308330224659,0.14657960832118988,0.8910395985721968,0.9423806875804863
331,0.0001,0.1513926312327385,0.8825929052466202,0.14604255557060242,0.8911258491209848,0.9424289235274209
332,0.0001,0.15134477615356445,0.882384601192736,0.14618787169456482,0.8913494903907673,0.9425539752640932
333,0.0001,0.15122686326503754,0.8823459230716919,0.14527733623981476,0.8913744345654869,0.9425679212696622
334,0.0001,0.15117209404706955,0.8824268330279232,0.14527302980422974,0.891274269082462,0.9425119176552402
335,0.0001,0.15115833282470703,0.8822227937546527,0.1459730863571167,0.8911650318460372,0.9424508351617918
336,0.0001,0.15076608210802078,0.8825596325399194,0.14513400197029114,0.8911922804703787,0.9424660725124372
337,0.0001,0.15072955936193466,0.8824894187979955,0.145236074924469,0.8913353960409488,0.9425460951100931
338,0.0001,0.15071947872638702,0.8824300319477151,0.14656148850917816,0.8914103595532965,0.9425880058770802
339,0.0001,0.15039131045341492,0.8826008313713375,0.14630040526390076,0.8914580440107602,0.9426146636807862
340,0.0001,0.15043025463819504,0.8825568627783265,0.14485394954681396,0.891475209364577,0.9426242595736262
341,0.0001,0.1504851058125496,0.8824496878655175,0.1453491449356079,0.8914967480845375,0.9426363000489741
342,0.0001,0.15022317320108414,0.8825280351180367,0.14531372487545013,0.8914028829069681,0.9425838259661924
343,0.0001,0.15017223358154297,0.8825700706023141,0.1431206464767456,0.8913293639022771,0.9425427225041816
344,0.0001,0.1498345509171486,0.8824307777370304,0.14297038316726685,0.8913420904475119,0.9425498379688793
345,0.0001,0.15022026002407074,0.8823024889703144,0.14579999446868896,0.8913184163030874,0.9425366015790457
346,0.0001,0.14976470172405243,0.8825795236201752,0.14497283101081848,0.8913421429406875,0.9425498673178351
347,0.0001,0.14968955516815186,0.882639895554292,0.1435018926858902,0.891377336659575,0.9425695437737098
348,0.0001,0.14995716512203217,0.8824425092464809,0.14371633529663086,0.8914444697485687,0.9426070751810854
349,0.0001,0.14952540397644043,0.8824270453786213,0.14366650581359863,0.8914898409819954,0.9426324389024104
350,0.0001,0.14942950010299683,0.8825234880606718,0.14362415671348572,0.8915207834142187,0.9426497358437823
351,0.0001,0.1491447612643242,0.8825888459941802,0.14365890622138977,0.8915125515827603,0.9426451342728545
352,0.0001,0.14928097277879715,0.8823642338955897,0.14386588335037231,0.8914275246994098,0.9425976021376526
353,0.0001,0.1491934433579445,0.8824514220781005,0.1435224413871765,0.8914173761419787,0.9425919285570366
354,0.0001,0.1489807292819023,0.8824466309823948,0.1428985297679901,0.8913669020242531,0.9425637099499408
355,0.0001,0.14868983626365662,0.8825934671523528,0.14437229931354523,0.8912941508459649,0.9425230342380049
356,0.0001,0.14894726127386093,0.8823890727575059,0.14481964707374573,0.8913373352324855,0.9425471793194642
357,0.0001,0.14861445873975754,0.8825247289417844,0.1432546079158783,0.8913638372067612,0.9425619964513666
358,0.0001,0.14877940714359283,0.8825475028818519,0.14325514435768127,0.8914082873645941,0.9425868473978651
359,0.0001,0.14855820685625076,0.8825875397357945,0.14333118498325348,0.8914301627589402,0.9425990769425532
360,0.0001,0.14824551343917847,0.8827164471890483,0.14249759912490845,0.8914185140686536,0.9425925647212918
361,0.0001,0.14824195206165314,0.8823947200176249,0.14229562878608704,0.8913627373088436,0.9425613815117597
362,0.0001,0.14825356006622314,0.8824963796661265,0.1422564834356308,0.8913621167895754,0.9425610345866354
363,0.0001,0.14813563972711563,0.8824917518088362,0.1428014039993286,0.8914763606312313,0.9426249031563092
364,0.0001,0.1477285698056221,0.8827933889467396,0.1430167257785797,0.8915146999501027,0.9426463352080958
365,0.0001,0.14867299795150757,0.8823918456391879,0.1425321102142334,0.8915098660039222,0.9426436330330762
366,0.0001,0.1479877382516861,0.8824816235333802,0.14255107939243317,0.8914272842167689,0.9425974676958355
367,0.0001,0.14765070378780365,0.8826191710228863,0.1418183445930481,0.8913918776926589,0.9425776733059497
368,0.0001,0.14834533631801605,0.8823867874661391,0.14173704385757446,0.8913850724112962,0.942573868656882
369,0.0001,0.14763011783361435,0.8823920239198744,0.14151906967163086,0.8913920449987387,0.9425777668419169
370,0.0001,0.1478225365281105,0.8824911080406667,0.14133623242378235,0.8914434550534551,0.9426065079257276
371,0.0001,0.1476917564868927,0.8823560950318245,0.14223888516426086,0.8914962074566924,0.9426359978330584
372,0.0001,0.14751752465963364,0.8824977692462876,0.14300185441970825,0.891471313546817,0.9426220817223634
373,0.0001,0.14726053178310394,0.8824340922809066,0.14147260785102844,0.8914437032978839,0.9426066467043986
374,0.0001,0.1473725363612175,0.8824157263440662,0.14117226004600525,0.891457772904349,0.9426145121236392
375,0.0001,0.14719533175230026,0.8826832359062008,0.14188508689403534,0.8915137492601222,0.9426458037736638
376,0.0001,0.1472454071044922,0.8826059454435559,0.142363041639328,0.8915590910679873,0.9426711491890077
377,0.0001,0.14739324152469635,0.8825975058126002,0.1411270797252655,0.8915935010090721,0.942690383037847
378,0.0001,0.14704635739326477,0.8826765504333283,0.14105291664600372,0.8916113265304382,0.9427003465514416
379,0.0001,0.147092305123806,0.8825535391317263,0.14118444919586182,0.8915524831523619,0.9426674555353044
380,0.0001,0.1467655673623085,0.8826174352555096,0.14107900857925415,0.8915103215054255,0.9426438876589216
381,0.0001,0.14665528386831284,0.8826330140063112,0.14065666496753693,0.8914996886777039,0.9426379438644552
382,0.0001,0.14664733409881592,0.8826208060151718,0.14112967252731323,0.891524492214808,0.942651809039926
383,0.0001,0.14683537930250168,0.8825073048257602,0.14137445390224457,0.8915352888180508,0.942657844226779
384,0.0001,0.14676743000745773,0.8825214559833485,0.1416739821434021,0.8915453396447952,0.9426634624705474
385,0.0001,0.14656776934862137,0.8824814376681984,0.1403244137763977,0.8915473653857915,0.9426645948185977
386,0.0001,0.1465422585606575,0.8825417688889348,0.13971489667892456,0.8915310603738471,0.9426554805794651
387,0.0001,0.1461712270975113,0.8825225758093875,0.14136862754821777,0.8915283782258036,0.9426539812868472
388,0.0001,0.14643487334251404,0.8825290807118538,0.14165253937244415,0.8915131535796288,0.9426454707887898
389,0.0001,0.14593110233545303,0.8826738679980495,0.14072784781455994,0.8914706803489878,0.9426217277494421
390,0.0001,0.1462480053305626,0.8824916244482033,0.14065790176391602,0.891452678280986,0.9426116640583018
391,0.0001,0.14610348641872406,0.8825880877215153,0.14110776782035828,0.8914569094553044,0.9426140294277423
392,0.0001,0.1458718180656433,0.8826510808904584,0.14036516845226288,0.8914923301865305,0.9426338303984723
393,0.0001,0.14601682126522064,0.8825215212318831,0.13961201906204224,0.8914655554496068,0.9426188627978508
394,0.0001,0.14574258029460907,0.8827030103368081,0.13985228538513184,0.8915203664740433,0.9426495027763448
395,0.0001,0.14579224586486816,0.8824702361584473,0.14053094387054443,0.8915519446524842,0.9426671545266816
396,0.0001,0.14594874531030655,0.8825137990405559,0.1397542804479599,0.8915910877801587,0.9426890341574496
397,0.0001,0.14577345550060272,0.8824009754874332,0.1383506953716278,0.8915650419099483,0.9426744755334647
398,0.0001,0.14581898599863052,0.8825919197124799,0.1389249861240387,0.8915428773765929,0.9426620861093945
399,0.0001,0.1457502692937851,0.8824434686477706,0.14156818389892578,0.8915568837085691,0.9426699153351296
400,0.0001,0.14560309052467346,0.8826059620432717,0.14194540679454803,0.8915511421253105,0.9426667059327625
401,0.0001,0.14552133530378342,0.8823338720238909,0.1396486461162567,0.8915260112042642,0.9426526581431072
402,0.0001,0.1454896256327629,0.8825575201467056,0.1390165388584137,0.8915036239746538,0.942640143719439
403,0.0001,0.14551593363285065,0.8825735503365042,0.140433669090271,0.8915316470753131,0.9426558085388629
404,0.0001,0.14515119791030884,0.8824605529175436,0.14114822447299957,0.8915560628564126,0.9426694565003654
405,0.0001,0.14541880786418915,0.8825633607223664,0.1400451958179474,0.8915638784803868,0.9426738252124338
406,0.0001,0.1453937664628029,0.8825575570910436,0.13935405015945435,0.8915387443883002,0.9426597758393922
407,0.0001,0.14504161477088928,0.8823892277720995,0.14027190208435059,0.8914926278533308,0.9426339967976428
408,0.0001,0.14514784514904022,0.8825907685763721,0.14085540175437927,0.8914074143775295,0.9425863593443675
409,0.0001,0.14544830471277237,0.8825078537799171,0.14091145992279053,0.8914292434449969,0.9425985630013548
410,0.0001,0.14517299830913544,0.8826367443031056,0.13969002664089203,0.8915248446026545,0.9426520060220872
411,0.0001,0.14470326155424118,0.8825849879978398,0.13853339850902557,0.891605586372182,0.9426971381303105
412,0.0001,0.14509262144565582,0.8825946877411539,0.13879457116127014,0.891631812633979,0.9427117969563404
413,0.0001,0.14512620121240616,0.882495077428802,0.13973218202590942,0.8915887757907651,0.9426877418619096
414,0.0001,0.14472544193267822,0.8825644426772727,0.13968390226364136,0.8915506315805508,0.9426664205499852
415,0.0001,0.1449490711092949,0.882592143493826,0.13855166733264923,0.8914679351163484,0.942620193095171
416,0.0001,0.14480268210172653,0.8825392093658633,0.13856320083141327,0.8914443467832248,0.9426070064385477
417,0.0001,0.14446735382080078,0.8827214005054173,0.13933688402175903,0.891522116971469,0.9426504812948125
418,0.0001,0.1448047161102295,0.8826229102272947,0.13961002230644226,0.8915483525162378,0.9426651466035779
419,0.0001,0.14445490390062332,0.8823549404706159,0.1389354020357132,0.8915441449574428,0.9426627946634588
420,0.0001,0.14446554332971573,0.8825020789409862,0.13805091381072998,0.8915489313138912,0.9426654701389209
421,0.0001,0.14458587765693665,0.8825090503682719,0.13804419338703156,0.8915892548918433,0.9426880096575958
422,0.0001,0.1444568857550621,0.8822739046498553,0.13906049728393555,0.8916054127963019,0.9426970411109885
423,0.0001,0.14398321509361267,0.8826103449456619,0.13954724371433258,0.891580617081819,0.9426831814942987
424,0.0001,0.14475490897893906,0.882378275649306,0.13920365273952484,0.8915355478770887,0.9426579890371908
425,0.0001,0.14423548430204391,0.8825000901200052,0.13874280452728271,0.8914986113549364,0.942637341632865
426,0.0001,0.1443503051996231,0.8824846274447795,0.13908588886260986,0.8914770145482525,0.9426252687095611
427,0.0001,0.1439892053604126,0.8825483835073795,0.1394636631011963,0.8914475883445696,0.9426088185978034
428,0.0001,0.1438140869140625,0.8826810693965829,0.13956204056739807,0.8914724747428784,0.942622730858468
429,0.0001,0.14397646486759186,0.882653808862881,0.13905176520347595,0.8914919562014758,0.942633621336444
430,0.0001,0.1438985913991928,0.8826722450729325,0.1387357860803604,0.8915381777407135,0.9426594590922637
431,0.0001,0.14391843229532242,0.8826656577795033,0.13900765776634216,0.8915784078006446,0.9426819465943164
432,0.0001,0.14419545978307724,0.8826265574171291,0.138839989900589,0.8915589553240929,0.9426710733119459
433,0.0001,0.14333892613649368,0.882546610881304,0.138461634516716,0.8915698304321684,0.942677152160405
434,0.0001,0.14390211552381516,0.8825627514687451,0.13786578178405762,0.8915763941438329,0.9426808210380306
435,0.0001,0.14353352785110474,0.8826368409862767,0.1381329894065857,0.8915311817533449,0.9426555484292305
436,0.0001,0.14340418577194214,0.8824924473006427,0.1384522020816803,0.8915316894664976,0.9426558322350413
437,0.0001,0.14352957904338837,0.8826676442032062,0.13853295147418976,0.8915269177167973,0.9426531648758468
438,0.0001,0.14348649233579636,0.882660714165147,0.1385425478219986,0.8915586730791226,0.9426709155448221
439,0.0001,0.143619604408741,0.8825936404786515,0.13819286227226257,0.891590907122595,0.9426889331783096
440,0.0001,0.1434631496667862,0.8826912461710661,0.13832633197307587,0.8916304403018174,0.942711029919305
441,0.0001,0.143018901348114,0.8826499700329619,0.13799607753753662,0.8916635194634481,0.9427295185312446
442,0.0001,0.14345993101596832,0.8826376771462411,0.13769564032554626,0.8916523950882033,0.9427233009652681
443,0.0001,0.14315680414438248,0.8828364155569264,0.13770398497581482,0.8916207661763121,0.9427056227328463
444,0.0001,0.1432497873902321,0.8827118650882217,0.1382330060005188,0.891609487050329,0.9426993183890777
445,0.0001,0.14315049350261688,0.8824743917286306,0.13850137591362,0.8915590888559719,0.9426711479525528
446,0.0001,0.14309380948543549,0.8825306299499195,0.1384223848581314,0.89153159400325,0.942655778872196
447,0.0001,0.14314495772123337,0.8825649301253251,0.13810354471206665,0.8915601783074348,0.9426717569252294
448,0.0001,0.14311712980270386,0.8824785015183236,0.13834050297737122,0.8916030402030317,0.9426957149607172
449,0.0001,0.1429961919784546,0.8825266413411049,0.13824965059757233,0.8916412195793783,0.9427170547463984
450,0.0001,0.14314492046833038,0.8826890362447746,0.13764292001724243,0.8916412195793783,0.9427170547463984
451,0.0001,0.1426650956273079,0.8827917755591841,0.1377456784248352,0.8916275372238448,0.9427094072994927
452,0.0001,0.1431397721171379,0.8825815499416633,0.13868266344070435,0.891582614984788,0.9426842982398186
453,0.0001,0.14274782687425613,0.8827652668589832,0.1392350047826767,0.8915362519823254,0.9426583826220593
454,0.0001,0.1427353173494339,0.8825141896980278,0.13845089077949524,0.8914914875269874,0.9426333593417958
455,0.0001,0.14292681217193604,0.8826440583003252,0.13737694919109344,0.8914882052679616,0.9426315245160802
456,0.0001,0.14243710786104202,0.8827815879571753,0.13708937168121338,0.891487609957949,0.9426311917293164
457,0.0001,0.14289842545986176,0.8825779685881152,0.13759662210941315,0.8915157705773793,0.942646933686677
458,0.0001,0.14274289458990097,0.8825233051546422,0.13812074065208435,0.891580407113422,0.9426830641304709
459,0.0001,0.14266470074653625,0.8826430082838264,0.13774871826171875,0.8916299832229223,0.9427107744441443
460,0.0001,0.1426122561097145,0.8827121648384939,0.13721942901611328,0.8916502483503256,0.9427221011155925
461,0.0001,0.14266452938318253,0.8825119499818175,0.1370021402835846,0.8916556042096989,0.9427250945948137
462,0.0001,0.14257629215717316,0.8824795744447859,0.136957049369812,0.8916439224712873,0.9427185654543516
463,0.0001,0.14237457513809204,0.8827507330401696,0.13725680112838745,0.8916138858461757,0.9427017770567169
464,0.0001,0.14204934239387512,0.8827673710818158,0.13703584671020508,0.8915709343602229,0.9426777692180756
465,0.0001,0.1423359364271164,0.8826871406027292,0.13693362474441528,0.8915454262957393,0.942663510906714
466,0.0001,0.1423569619655609,0.8826131922849907,0.13678067922592163,0.8914986654002627,0.9426373718446281
467,0.0001,0.14206984639167786,0.8827308403467806,0.13682875037193298,0.8914620331925117,0.9426168937558361
468,0.0001,0.14222880452871323,0.8826457153582996,0.1370905041694641,0.8914668796091358,0.9426196030388372
469,0.0001,0.14214646816253662,0.8826160891099052,0.1372593343257904,0.8914920248966945,0.9426336597378825
470,0.0001,0.14236069470643997,0.8825778743086173,0.1371920108795166,0.8915307917756757,0.9426553304360968
471,0.0001,0.14224235713481903,0.8825145919984098,0.13696487247943878,0.8915813768062971,0.9426836061492874
472,0.0001,0.1421593278646469,0.8826950259907425,0.13727736473083496,0.891597473126678,0.9426926032555223
473,0.0001,0.14190996438264847,0.8825071317544163,0.1377640664577484,0.8915700244435912,0.9426772606061445
474,0.0001,0.14211712777614594,0.882587674623416,0.13730517029762268,0.8915709794349337,0.9426777944132674
475,0.0001,0.14195673167705536,0.882694582894539,0.1371060609817505,0.8916257804715684,0.9427084253940466
476,0.0001,0.14169947803020477,0.8827222801557759,0.13700291514396667,0.8916546650350433,0.9427245696756444
477,0.0001,0.14218725264072418,0.8825714768378903,0.13715916872024536,0.8916365653699687,0.9427144533924584
478,0.0001,0.14165672659873962,0.8825862203381196,0.13777127861976624,0.8916154229078601,0.9427026361809172
479,0.0001,0.14219742268323898,0.8826380040349927,0.13747385144233704,0.8915988320993311,0.9426933628520149
480,0.0001,0.1418827846646309,0.8828109765064278,0.13666224479675293,0.8915814368156858,0.9426836396920729
481,0.0001,0.14211595058441162,0.8826789033307765,0.13593575358390808,0.8915732020508365,0.9426790367765796
482,0.0001,0.14194853603839874,0.882527964650718,0.1361762285232544,0.8915774836598951,0.9426814300356732
483,0.0001,0.14200661331415176,0.8826695000000411,0.1367936134338379,0.8915864197009254,0.9426864249130021
484,0.0001,0.14174702018499374,0.8827264945131073,0.13713625073432922,0.891590416642214,0.9426886590225884
485,0.0001,0.14179547131061554,0.8826155670251952,0.13669398427009583,0.891589416848262,0.9426881001838284
486,0.0001,0.14136067777872086,0.8825858852187225,0.13649459183216095,0.8916135087228769,0.9427015662674665
487,0.0001,0.14197156578302383,0.8827009339618577,0.1367339789867401,0.8915801529093809,0.9426829220406748
488,0.0001,0.14160288125276566,0.8825827755221097,0.1362711489200592,0.891562550687078,0.94267308301619
489,0.0001,0.14149051904678345,0.8827167266249341,0.13602489233016968,0.8915650269367483,0.9426744671639155
490,0.0001,0.14131350070238113,0.8827629801857795,0.13617971539497375,0.8915731568267251,0.9426790114979374
491,0.0001,0.14145596325397491,0.8826527355098074,0.1367691308259964,0.8915565988692167,0.9426697561174688
492,0.0001,0.14122860878705978,0.8827423856281645,0.13711637258529663,0.8915789447631622,0.9426822467351935
493,0.0001,0.14112438261508942,0.8825922026993567,0.13720308244228363,0.8916301905028865,0.9427108902991744
494,0.0001,0.1415560096502304,0.8825766373558388,0.1365129053592682,0.8916551400482241,0.942724835167887
495,0.0001,0.14131084084510803,0.8825790852485034,0.13617359101772308,0.891650949998184,0.9427224932792595
496,0.0001,0.14115089178085327,0.8827038522429268,0.13622832298278809,0.8916355530801939,0.9427138875967129
497,0.0001,0.14112794399261475,0.8827058603314778,0.13631588220596313,0.8916293307787458,0.9427104097732297
498,0.0001,0.14114736020565033,0.882318601547172,0.1365422010421753,0.8916067419500483,0.9426977840340061
499,0.0001,0.14154120534658432,0.8824164268796839,0.13699544966220856,0.8915852115288028,0.9426857495975162
